{"cameraMode":{"drawMode":0,"name":"Shaded","section":"Shading Mode"},"sceneLighting":true,"audioPlay":false,"sceneViewState":{"m_AlwaysRefresh":false,"showFog":true,"showSkybox":true,"showFlares":true,"showImageEffects":true,"showParticleSystems":true,"showVisualEffectGraphs":true,"m_FxEnabled":true},"in2DMode":false,"pivot":{"x":-3.1509110927581789,"y":1.3747987747192383,"z":11.410954475402832},"rotation":{"x":0.19923456013202668,"y":0.06315767019987107,"z":-0.012868555262684822,"w":0.9778307676315308},"size":61.47418975830078,"orthographic":false}