{"cameraMode":{"drawMode":0,"name":"Shaded","section":"Shading Mode"},"sceneLighting":true,"audioPlay":false,"sceneViewState":{"m_AlwaysRefresh":false,"showFog":true,"showSkybox":true,"showFlares":true,"showImageEffects":true,"showParticleSystems":true,"showVisualEffectGraphs":true,"m_FxEnabled":true},"in2DMode":false,"pivot":{"x":288.9009094238281,"y":408.7486267089844,"z":1.49114990234375},"rotation":{"x":0.025462104007601739,"y":-0.052458811551332477,"z":0.0013379896990954877,"w":0.9982972145080566},"size":238.59812927246095,"orthographic":true}