{"cameraMode":{"drawMode":0,"name":"Shaded","section":"Shading Mode"},"sceneLighting":true,"audioPlay":false,"sceneViewState":{"m_AlwaysRefresh":false,"showFog":true,"showSkybox":true,"showFlares":true,"showImageEffects":true,"showParticleSystems":true,"showVisualEffectGraphs":true,"m_FxEnabled":true},"in2DMode":false,"pivot":{"x":2.656557083129883,"y":6.603176593780518,"z":-13.774482727050782},"rotation":{"x":0.09257306158542633,"y":-0.07907315343618393,"z":0.007374523673206568,"w":0.992538571357727},"size":10.651087760925293,"orthographic":false}